{"LABEL":{"0":"All","1":"Democratic","2":"Republican","3":"Independent"},"TOTAL":{"0":982,"1":547,"2":432,"3":3},"ENACTED":{"0":11,"1":9,"2":2,"3":0},"ENACTED_PCT":{"0":0.0112016293,"1":0.0164533821,"2":0.0046296296,"3":0.0}}