{"LABEL":{"0":"All","1":"Democratic","2":"Republican","3":"Independent"},"TOTAL":{"0":7889,"1":3696,"2":4159,"3":34},"ENACTED":{"0":282,"1":81,"2":201,"3":0},"ENACTED_PCT":{"0":0.0357459754,"1":0.0219155844,"2":0.0483289252,"3":0.0}}